timestamp, Kp, Ki, Sa, Sb, Bp, distance, bestdist, simres 
1561122988, 0.223916, 1.765566, 15.483105, 1.033881, 48.303568, 225.989242, 0.000000, 0
1561123013, 3.439186, 2.283288, 25.669220, 0.085133, 12.136309, 892.997438, 892.997438, 1
1561123014, 0.461282, 2.362227, 37.778137, 1.772059, 48.798225, 422.919526, 892.997438, 0
1561123038, 3.877690, 2.028034, 29.549056, 0.058853, 40.675464, 900.685725, 900.685725, 1
1561123063, 0.497596, 2.807999, 19.940089, 0.247977, 13.490902, 1067.046313, 1067.046313, 1
1561123087, 1.385867, 2.923108, 35.445327, 0.105313, 37.183667, 1304.368316, 1304.368316, 1
1561123096, 0.324590, 2.217200, 15.009528, 0.153198, 11.864196, 626.656589, 1304.368316, 1
1561123120, 0.457355, 1.300868, 19.154514, 0.419064, 24.099959, 1424.054971, 1424.054971, 1
1561123124, 3.288743, 1.201502, 16.190653, 0.298701, 47.161672, 764.664102, 1424.054971, 0
1561123130, 3.051094, 1.784701, 39.390083, 0.158613, 48.737710, 1404.968461, 1424.054971, 0
1561123155, 0.457355, 1.300868, 19.154514, 0.419064, 24.099959, 1428.381445, 1428.381445, 1
1561123179, 0.457355, 1.300868, 19.154514, 0.419064, 24.099959, 1430.153115, 1430.153115, 1
1561123180, 2.853943, 2.920337, 25.992896, 1.288032, 33.267398, 224.483972, 1430.153115, 0
1561123180, 0.971464, 2.092119, 10.835313, 0.766641, 43.858215, 212.991009, 1430.153115, 0
1561123182, 0.105614, 2.783368, 33.830045, 0.138203, 17.174535, 213.018183, 1430.153115, 0
1561123184, 0.048890, 2.925155, 36.732908, 0.104043, 6.631807, 245.671008, 1430.153115, 0
1561123192, 2.962589, 1.449720, 38.953091, 0.090205, 45.565212, 1382.254132, 1430.153115, 1
1561123200, 0.716959, 2.877241, 11.294293, 0.095727, 36.226063, 482.222884, 1430.153115, 1
1561123202, 0.036925, 2.157141, 38.084796, 0.183978, 9.326568, 254.064979, 1430.153115, 0
1561123204, 0.095716, 2.048169, 39.530581, 0.106963, 5.921246, 212.086186, 1430.153115, 0
1561123212, 3.911366, 1.830661, 33.588769, 0.029767, 16.755832, 879.699601, 1430.153115, 1
1561123236, 0.457355, 1.300868, 19.154514, 0.419064, 24.099959, 1442.158069, 1442.158069, 1
1561123236, 3.538764, 1.244739, 14.794884, 0.864565, 24.077153, 5.983744, 1442.158069, 0
1561123245, 0.201550, 1.259167, 11.784896, 0.254363, 24.099959, 580.946728, 1442.158069, 1
1561123246, 2.633454, 1.150628, 33.452603, 0.699563, 35.993806, 216.076619, 1442.158069, 0
1561123247, 0.246782, 1.360368, 22.773655, 1.966236, 16.709155, 381.705487, 1442.158069, 0
1561123248, 0.060722, 1.150374, 32.850895, 1.666974, 5.485275, 362.984428, 1442.158069, 0
1561123256, 0.457355, 1.300868, 19.154514, 0.419064, 24.099959, 1418.257530, 1442.158069, 1
1561123264, 2.243766, 1.179208, 29.799501, 0.072738, 48.084533, 955.661572, 1442.158069, 1
1561123264, 3.789989, 1.542582, 28.009749, 1.542226, 14.927436, 6.198447, 1442.158069, 0
1561123272, 2.833846, 1.639316, 21.546197, 0.116919, 27.372101, 933.174672, 1442.158069, 1
1561123281, 0.803216, 1.256042, 16.663183, 0.071302, 8.144581, 581.747540, 1442.158069, 1
1561123305, 0.349398, 1.132935, 31.106956, 0.320276, 45.405399, 1499.138994, 1499.138994, 1
1561123313, 1.020959, 2.003729, 11.787642, 0.193475, 34.749991, 709.258939, 1499.138994, 1
1561123314, 0.892568, 1.054926, 19.180486, 1.259948, 42.490970, 241.550972, 1499.138994, 0
1561123322, 1.519823, 1.860625, 29.024894, 0.047869, 41.397129, 825.291254, 1499.138994, 1
1561123330, 0.457355, 1.300868, 19.154514, 0.419064, 24.099959, 1423.896993, 1499.138994, 1
1561123331, 2.967737, 1.081126, 23.369209, 0.387594, 44.064432, 205.238951, 1499.138994, 0
1561123331, 2.292507, 1.861780, 30.714443, 0.322304, 29.850738, 5.430059, 1499.138994, 0
1561123332, 3.125110, 1.199426, 28.537995, 1.864537, 36.665908, 209.376850, 1499.138994, 0
1561123332, 0.999378, 1.146971, 34.698911, 1.121588, 29.229036, 231.940496, 1499.138994, 0
1561123341, 1.173758, 1.308639, 10.989130, 0.120625, 41.526892, 527.089431, 1499.138994, 1
1561123349, 1.804005, 1.198592, 32.241376, 0.002694, 6.755145, 733.033876, 1499.138994, 1
1561123357, 0.349398, 1.132935, 31.106956, 0.320276, 45.405399, 1499.050341, 1499.138994, 1
1561123360, 0.092372, 1.123714, 13.722417, 0.204723, 28.625599, 211.785052, 1499.138994, 0
1561123368, 0.349398, 1.132935, 31.106956, 0.320276, 45.405399, 1492.509335, 1499.138994, 1
1561123369, 0.145384, 1.084092, 39.649043, 1.909914, 49.438850, 444.339550, 1499.138994, 0
1561123369, 3.900362, 1.652861, 22.043827, 1.935807, 34.860318, 5.795623, 1499.138994, 0
1561123377, 0.495975, 2.226974, 27.270732, 0.062962, 10.975404, 798.939508, 1499.138994, 1
1561123378, 2.254241, 1.246932, 20.103081, 0.512084, 39.795803, 206.812704, 1499.138994, 0
1561123386, 1.343594, 1.656349, 34.808514, 0.036815, 34.072282, 929.602230, 1499.138994, 1
1561123387, 1.002657, 1.486433, 13.836974, 1.490803, 26.998751, 226.692576, 1499.138994, 0
1561123395, 0.901936, 1.136580, 23.496429, 0.058012, 42.377148, 766.191014, 1499.138994, 1
1561123395, 3.768624, 1.102253, 23.859362, 1.468644, 11.056693, 6.208296, 1499.138994, 0
1561123403, 0.349398, 1.132935, 31.106956, 0.320276, 45.405399, 1495.031824, 1499.138994, 1
1561123427, 0.349398, 1.132935, 31.106956, 0.320276, 45.405399, 1499.447012, 1499.447012, 1
1561123435, 0.755337, 1.031646, 39.528093, 0.085952, 28.434358, 1282.315896, 1499.447012, 1
1561123436, 0.163864, 1.371828, 17.167782, 1.856352, 35.402041, 347.555280, 1499.447012, 0
1561123445, 1.558040, 2.957620, 27.546848, 0.018598, 7.139198, 751.130073, 1499.447012, 1
1561123453, 2.467893, 1.142780, 28.411434, 0.067826, 15.463305, 894.928156, 1499.447012, 1
1561123453, 3.158008, 2.719813, 36.244079, 0.237936, 15.735917, 199.035361, 1499.447012, 0
1561123453, 2.501334, 2.913183, 23.643407, 0.227882, 46.040431, 9.838819, 1499.447012, 0
1561123458, 0.922453, 2.004300, 38.534917, 0.223783, 35.358061, 1028.147094, 1499.447012, 0
1561123466, 0.349398, 1.132935, 31.106956, 0.320276, 45.405399, 1492.034632, 1499.447012, 1
1561123474, 0.856351, 1.773455, 38.298657, 0.094046, 49.157706, 1300.601241, 1499.447012, 1
1561123476, 0.028551, 1.122195, 35.899407, 0.098516, 49.399828, 247.306852, 1499.447012, 0
1561123477, 0.280193, 1.825015, 38.141310, 1.538010, 46.257561, 388.980516, 1499.447012, 0
1561123485, 0.349398, 1.132935, 31.106956, 0.320276, 45.405399, 1490.900370, 1499.447012, 1
1561123486, 0.240043, 1.040614, 33.728497, 0.772170, 29.871933, 288.555316, 1499.447012, 0
1561123487, 0.513577, 2.307124, 39.302693, 0.691667, 39.309209, 270.831440, 1499.447012, 0
1561123495, 0.349398, 1.132935, 31.106956, 0.320276, 45.405399, 1485.787988, 1499.447012, 1
1561123496, 0.230526, 2.720433, 39.374023, 1.018757, 44.262917, 353.063639, 1499.447012, 0
1561123496, 3.659129, 1.859148, 16.611015, 1.344273, 24.404121, 6.170878, 1499.447012, 0
1561123504, 0.386696, 2.014102, 36.757584, 0.094146, 47.321044, 1113.861453, 1499.447012, 1
1561123528, 0.592136, 1.511956, 38.355314, 0.164569, 34.030704, 1550.958868, 1550.958868, 1
1561123529, 0.054329, 1.314745, 35.890039, 0.220052, 47.270459, 251.302514, 1550.958868, 0
1561123530, 1.614583, 1.808075, 24.972760, 0.690022, 33.102914, 210.683604, 1550.958868, 0
1561123538, 0.349398, 1.132935, 31.106956, 0.320276, 45.405399, 1498.421129, 1550.958868, 1
1561123538, 2.317407, 1.149294, 38.849969, 0.665546, 49.162951, 215.772924, 1550.958868, 0
1561123539, 0.461925, 1.612774, 39.676313, 1.176134, 36.192934, 333.915993, 1550.958868, 0
1561123547, 0.592136, 1.511956, 38.355314, 0.164569, 34.030704, 1526.399167, 1550.958868, 1
1561123571, 0.592136, 1.511956, 38.355314, 0.164569, 34.030704, 1554.545985, 1554.545985, 1
1561123580, 1.306915, 1.245539, 19.106553, 0.058837, 41.075513, 627.614600, 1554.545985, 1
1561123581, 0.244663, 1.428384, 20.528570, 1.348920, 43.913147, 315.597821, 1554.545985, 0
1561123582, 0.331847, 1.120413, 12.316760, 1.342380, 30.985328, 260.209940, 1554.545985, 0
1561123584, 0.031109, 1.132935, 39.229188, 0.135907, 34.375588, 253.917610, 1554.545985, 0
1561123584, 3.289270, 1.019203, 30.900438, 1.832064, 22.432544, 220.677712, 1554.545985, 0
1561123584, 0.026050, 2.806667, 31.762488, 1.463002, 20.885267, 20.103339, 1554.545985, 0
1561123592, 3.306073, 2.559167, 34.447341, 0.045378, 30.267307, 974.425671, 1554.545985, 1
1561123592, 3.722655, 2.271210, 36.757584, 0.088012, 49.318093, 5.811892, 1554.545985, 0
1561123616, 0.592136, 1.511956, 38.355314, 0.164569, 34.030704, 1554.990095, 1554.990095, 1
1561123617, 3.321724, 2.116515, 24.238268, 0.804977, 23.108817, 213.745765, 1554.990095, 0
1561123621, 0.095965, 1.511956, 15.241838, 0.043606, 44.353662, 214.530579, 1554.990095, 0
1561123629, 0.223550, 2.115390, 39.338387, 0.142280, 42.013718, 1214.021273, 1554.990095, 1
1561123630, 0.092312, 2.627063, 20.901082, 0.946552, 41.051142, 274.852478, 1554.990095, 0
1561123631, 2.081002, 1.231764, 39.786991, 1.682611, 7.062104, 221.295847, 1554.990095, 0
1561123631, 3.783496, 2.353077, 13.291773, 1.854089, 35.494827, 11.728239, 1554.990095, 0
1561123639, 0.592136, 1.511956, 38.355314, 0.164569, 34.030704, 1534.072451, 1554.990095, 1
1561123647, 3.374120, 1.291430, 32.012126, 0.099475, 16.534222, 1192.924670, 1554.990095, 1
1561123647, 2.514435, 2.177189, 35.542941, 1.532458, 43.589965, 218.397460, 1554.990095, 0
1561123655, 0.592136, 1.511956, 38.355314, 0.164569, 34.030704, 1545.520884, 1554.990095, 1
1561123659, 0.128828, 2.338708, 23.829495, 0.105281, 44.927709, 378.916431, 1554.990095, 0
1561123660, 1.207457, 1.963393, 38.976162, 0.672888, 9.990139, 216.627870, 1554.990095, 0
1561123668, 3.137647, 1.106951, 39.454595, 0.070793, 45.769509, 1266.908881, 1554.990095, 1
1561123668, 0.600961, 1.045975, 38.925149, 0.475907, 45.270901, 233.647960, 1554.990095, 0
1561123669, 3.097326, 1.028573, 22.399214, 0.483753, 29.204080, 205.416648, 1554.990095, 0
1561123677, 0.758923, 1.337611, 38.508472, 0.020404, 34.889069, 942.665901, 1554.990095, 1
1561123677, 3.073708, 1.610104, 30.191140, 1.152184, 42.506779, 223.910320, 1554.990095, 0
1561123678, 1.301459, 1.378675, 38.224822, 1.405974, 16.601870, 5.435493, 1554.990095, 0
1561123678, 0.794056, 1.385528, 38.363327, 0.674248, 45.015716, 237.774438, 1554.990095, 0
1561123678, 3.464065, 1.511956, 39.047626, 1.553437, 46.491598, 6.589797, 1554.990095, 0
1561123679, 0.087624, 1.396725, 15.540613, 1.523487, 48.040917, 327.488638, 1554.990095, 0
1561123688, 2.107209, 1.238173, 16.000535, 0.105140, 21.110316, 663.455160, 1554.990095, 1
1561123688, 0.830066, 1.054369, 39.088208, 1.169963, 32.164014, 252.165016, 1554.990095, 0
1561123696, 1.575424, 1.100121, 14.485277, 0.063734, 11.116036, 502.231243, 1554.990095, 1
1561123704, 0.592136, 1.511956, 38.355314, 0.164569, 34.030704, 1545.372389, 1554.990095, 1
1561123705, 3.202646, 1.017608, 16.172777, 0.768211, 47.061024, 209.013369, 1554.990095, 0
1561123705, 1.619400, 1.018063, 39.811205, 1.530611, 45.954107, 5.729792, 1554.990095, 0
1561123713, 0.592136, 1.511956, 38.355314, 0.164569, 34.030704, 1534.113629, 1554.990095, 1
1561123721, 2.294841, 1.402775, 29.108471, 0.045721, 47.193198, 823.897047, 1554.990095, 1
1561123722, 0.732981, 1.492185, 36.640399, 0.705328, 49.011028, 243.233359, 1554.990095, 0
1561123723, 0.341844, 1.051236, 36.038514, 1.483009, 46.520896, 391.037958, 1554.990095, 0
1561123730, 2.575861, 1.970291, 11.487449, 0.061158, 12.798491, 421.064612, 1554.990095, 1
1561123738, 0.592136, 1.511956, 38.355314, 0.164569, 34.030704, 1543.051355, 1554.990095, 1
1561123747, 0.562877, 1.192065, 20.146748, 0.014050, 12.360809, 534.724567, 1554.990095, 1
1561123755, 3.521730, 1.258469, 12.720566, 0.053866, 15.326860, 454.415306, 1554.990095, 1
1561123756, 0.441012, 1.511956, 39.427358, 1.807833, 34.593000, 448.006690, 1554.990095, 0
1561123763, 0.972213, 1.397524, 32.197190, 0.151080, 31.414009, 1428.212391, 1554.990095, 1
1561123771, 0.592136, 1.511956, 38.355314, 0.164569, 34.030704, 1534.574529, 1554.990095, 1
1561123779, 2.124880, 1.316111, 28.069346, 0.029207, 20.678746, 803.870219, 1554.990095, 1
1561123779, 1.021356, 2.069907, 21.479969, 1.754868, 9.043443, 228.968539, 1554.990095, 0
1561123786, 2.271683, 1.328719, 32.427953, 0.053575, 35.076493, 947.413013, 1554.990095, 1
1561123805, 0.592136, 1.511956, 38.355314, 0.164569, 34.030704, 1555.742950, 1555.742950, 1
1561123805, 3.777330, 1.943513, 31.064771, 1.172840, 16.146617, 5.807405, 1555.742950, 0
1561123812, 2.502322, 1.675973, 35.394984, 0.070588, 28.161625, 1121.072579, 1555.742950, 1
1561123812, 2.279419, 2.410884, 11.640070, 1.756558, 9.532237, 204.261066, 1555.742950, 0
1561123813, 0.090090, 1.816249, 38.895645, 1.026210, 17.792797, 326.534474, 1555.742950, 0
1561123820, 0.592136, 1.511956, 38.355314, 0.164569, 34.030704, 1553.481589, 1555.742950, 1
1561123820, 1.822585, 2.474858, 27.689646, 1.024265, 10.210249, 223.451385, 1555.742950, 0
1561123828, 0.886393, 2.813182, 31.653766, 0.146411, 30.641323, 1364.140045, 1555.742950, 1
1561123836, 0.289582, 1.745280, 37.123417, 0.101431, 7.854230, 1089.188458, 1555.742950, 1
1561123836, 0.925767, 1.349659, 18.700510, 0.533197, 33.810885, 201.302476, 1555.742950, 0
1561123860, 0.819077, 1.368912, 39.068645, 0.142537, 34.848990, 1575.040991, 1575.040991, 1
1561123868, 0.592136, 1.511956, 38.355314, 0.164569, 34.030704, 1526.212936, 1575.040991, 1
1561123869, 2.549316, 2.830685, 38.753400, 1.418985, 10.770228, 218.473371, 1575.040991, 0
1561123869, 2.345019, 1.698618, 38.435371, 0.053888, 19.604077, 5.484207, 1575.040991, 0
1561123870, 0.092005, 2.646852, 32.293313, 1.516040, 41.246795, 385.886650, 1575.040991, 0
1561123871, 1.957765, 1.353369, 19.591050, 1.172550, 18.469703, 221.531500, 1575.040991, 0
1561123879, 0.592136, 1.511956, 38.355314, 0.164569, 34.030704, 1524.379401, 1575.040991, 1
1561123903, 2.275261, 1.481921, 39.730753, 0.123961, 34.030704, 1622.850341, 1622.850341, 1
1561123911, 0.487836, 2.582509, 13.525268, 0.048574, 28.303587, 452.919450, 1622.850341, 1
1561123911, 3.152011, 2.379667, 20.971908, 1.719439, 37.841460, 219.348037, 1622.850341, 0
1561123911, 1.320824, 1.867478, 14.186821, 1.680992, 12.769395, 5.730402, 1622.850341, 0
1561123912, 1.112207, 2.254519, 39.481565, 1.316450, 13.716905, 227.254227, 1622.850341, 0
1561123920, 0.776218, 1.481921, 39.785973, 0.102497, 34.030704, 1395.593313, 1622.850341, 1
1561123928, 2.308671, 1.356252, 39.828627, 0.104182, 43.111816, 1474.673466, 1622.850341, 1
1561123929, 0.436291, 1.219002, 39.048779, 1.593652, 18.668202, 420.015836, 1622.850341, 0
1561123937, 2.275261, 1.481921, 39.730753, 0.123961, 34.030704, 1616.802601, 1622.850341, 1
1561123961, 2.275261, 1.481921, 39.730753, 0.123961, 34.030704, 1623.310970, 1623.310970, 1
1561123969, 2.159308, 1.910381, 26.747458, 0.128479, 10.968762, 1108.639756, 1623.310970, 1
1561123977, 3.414261, 2.572176, 22.581601, 0.031362, 12.164568, 658.910129, 1623.310970, 1
1561123978, 1.442207, 1.612980, 33.617568, 1.192682, 19.675233, 225.375658, 1623.310970, 0
1561123986, 1.559578, 2.805656, 39.742467, 0.045095, 46.944092, 1101.200883, 1623.310970, 1
1561123994, 3.564901, 1.063506, 39.803023, 0.073469, 32.488389, 1292.884903, 1623.310970, 1
1561124002, 3.569427, 2.469313, 22.657758, 0.009936, 23.452063, 593.240188, 1623.310970, 1
1561124003, 2.736817, 2.119558, 37.549471, 0.367780, 10.120154, 206.864826, 1623.310970, 0
1561124003, 2.275261, 1.481921, 39.730753, 0.123961, 34.030704, 6.208726, 1623.310970, 0
1561124004, 2.923682, 2.800168, 39.741943, 0.580008, 14.144633, 215.396093, 1623.310970, 0
1561124004, 2.275261, 1.481921, 39.730753, 0.123961, 34.030704, 6.158774, 1623.310970, 0
1561124012, 1.595910, 1.826595, 22.189231, 0.063644, 15.605303, 755.254926, 1623.310970, 1
1561124020, 1.010285, 1.629930, 39.850762, 0.006384, 48.765487, 919.737102, 1623.310970, 1
1561124028, 3.564901, 1.063506, 39.803023, 0.073469, 32.488389, 1295.899842, 1623.310970, 1
1561124036, 3.673485, 2.920763, 32.709987, 0.027514, 16.227971, 847.358213, 1623.310970, 1
1561124044, 0.867724, 1.547286, 20.691083, 0.031362, 22.295139, 597.600615, 1623.310970, 1
1561124052, 2.131351, 1.240069, 39.915218, 0.062407, 42.917474, 1217.905140, 1623.310970, 1
1561124076, 2.275261, 1.481921, 39.730753, 0.123961, 34.030704, 1628.683349, 1628.683349, 1
1561124076, 3.568674, 2.470100, 23.201141, 1.436376, 42.655271, 6.212195, 1628.683349, 0
1561124077, 3.565654, 1.335118, 24.149416, 1.725889, 30.985766, 217.768938, 1628.683349, 0
1561124077, 3.590191, 1.350336, 34.447492, 0.023378, 43.439980, 12.790300, 1628.683349, 0
1561124085, 2.505202, 1.687804, 25.457898, 0.014222, 41.472807, 680.299532, 1628.683349, 1
1561124094, 3.942964, 2.969392, 23.476233, 0.011448, 41.340308, 619.227303, 1628.683349, 1
1561124094, 1.685430, 1.949076, 39.890627, 1.102497, 49.085077, 226.786129, 1628.683349, 0
1561124102, 2.164407, 1.048003, 39.506111, 0.047822, 48.251646, 1117.484502, 1628.683349, 1
1561124110, 2.275261, 1.481921, 39.730753, 0.123961, 34.030704, 1620.117082, 1628.683349, 1
1561124118, 3.594178, 2.914577, 32.922631, 0.010683, 41.239678, 781.076088, 1628.683349, 1
1561124126, 2.275261, 1.481921, 39.730753, 0.123961, 34.030704, 1618.475423, 1628.683349, 1
1561124126, 3.906159, 2.401408, 39.130476, 0.440924, 30.446590, 5.817874, 1628.683349, 0
1561124134, 3.659850, 2.687550, 37.822604, 0.033285, 19.727992, 1006.723044, 1628.683349, 1
1561124135, 1.768577, 1.254406, 25.104503, 0.468648, 44.977302, 208.420834, 1628.683349, 0
1561124143, 2.198443, 1.392081, 25.424100, 0.008874, 47.829957, 660.803119, 1628.683349, 1
1561124144, 0.570055, 1.644541, 39.730753, 1.587642, 34.030704, 414.074812, 1628.683349, 0
1561124152, 2.275261, 1.481921, 39.730753, 0.123961, 34.030704, 1625.020718, 1628.683349, 1
1561124153, 1.059871, 1.345193, 39.730753, 1.395150, 11.249910, 207.783179, 1628.683349, 0
1561124161, 2.275261, 2.608041, 39.785542, 0.123961, 44.705854, 1620.769752, 1628.683349, 1
1561124169, 2.275261, 1.481921, 39.730753, 0.123961, 34.030704, 1621.397805, 1628.683349, 1
1561124170, 2.735834, 1.617579, 18.170268, 0.412528, 27.621573, 203.660817, 1628.683349, 0
1561124170, 1.413583, 1.470393, 37.052491, 0.290004, 43.949336, 194.739069, 1628.683349, 0
1561124178, 0.966357, 2.653012, 18.739505, 0.098755, 35.145594, 745.582819, 1628.683349, 1
1561124179, 0.494188, 2.149838, 28.022649, 1.358127, 32.724771, 304.673837, 1628.683349, 0
1561124187, 3.548097, 1.517354, 39.730753, 0.040076, 34.316552, 1091.509180, 1628.683349, 1
1561124196, 0.584825, 1.072658, 18.321049, 0.098494, 24.807432, 689.961975, 1628.683349, 1
1561124196, 1.278792, 1.440194, 39.769163, 1.428837, 30.477491, 228.637100, 1628.683349, 0
1561124197, 0.142475, 2.435172, 39.835063, 1.590757, 42.027981, 422.939206, 1628.683349, 0
1561124198, 1.344240, 1.119708, 39.767632, 1.587642, 43.502609, 220.201800, 1628.683349, 0
1561124206, 2.275261, 1.481921, 39.730753, 0.123961, 34.030704, 1618.070213, 1628.683349, 1
1561124214, 2.275261, 1.481921, 39.730753, 0.123961, 34.030704, 1622.442743, 1628.683349, 1
1561124214, 3.714990, 1.232860, 39.281292, 0.260239, 14.194664, 5.833580, 1628.683349, 0
1561124222, 2.272655, 1.097498, 39.952778, 0.059516, 34.030704, 1202.424217, 1628.683349, 1
1561124230, 1.144794, 2.521145, 29.270006, 0.064299, 37.630527, 887.785747, 1628.683349, 1
1561124230, 2.399097, 2.158029, 30.388626, 1.000325, 34.685516, 222.718082, 1628.683349, 0
1561124231, 2.275261, 1.481921, 39.730753, 0.123961, 34.030704, 10.045400, 1628.683349, 0
1561124238, 2.355257, 2.846359, 29.040339, 0.042447, 38.438334, 810.990002, 1628.683349, 1
1561124246, 0.489137, 1.215841, 39.730753, 0.076717, 47.014290, 1182.768233, 1628.683349, 1
1561124254, 2.275261, 2.073539, 27.302796, 0.123961, 16.539710, 1108.440856, 1628.683349, 1
1561124255, 1.065464, 2.701205, 23.287105, 0.519475, 41.856851, 210.661808, 1628.683349, 0
1561124256, 0.447058, 1.084343, 38.652508, 1.449407, 34.661727, 397.519638, 1628.683349, 0
1561124264, 3.304904, 1.094773, 39.877378, 0.115587, 34.030704, 1598.012495, 1628.683349, 1
1561124272, 2.275261, 1.481921, 39.730753, 0.123961, 34.030704, 1623.548277, 1628.683349, 1
1561124273, 2.163427, 1.073734, 34.185833, 0.282645, 30.282197, 205.841285, 1628.683349, 0
1561124273, 3.185532, 2.383272, 25.383102, 0.200291, 37.281901, 8.049174, 1628.683349, 0
1561124281, 2.275261, 1.481921, 39.730753, 0.123961, 34.030704, 1625.309063, 1628.683349, 1
1561124289, 3.357722, 2.497076, 27.772371, 0.058094, 34.030704, 842.828943, 1628.683349, 1
1561124297, 1.324156, 2.622765, 35.343872, 0.071293, 37.644390, 1098.981930, 1628.683349, 1
1561124305, 2.275261, 1.481921, 39.730753, 0.123961, 34.030704, 1619.526758, 1628.683349, 1
1561124313, 2.881175, 1.986206, 32.928090, 0.120215, 24.098653, 1348.742332, 1628.683349, 1
1561124313, 1.008948, 1.924636, 36.544942, 1.156453, 31.121815, 229.250940, 1628.683349, 0
1561124314, 2.084719, 1.094773, 39.877378, 0.303215, 23.681557, 207.139932, 1628.683349, 0
1561124314, 3.007077, 1.062170, 39.976123, 0.090942, 39.552330, 8.742752, 1628.683349, 0
1561124322, 0.239023, 2.194801, 39.730753, 0.014133, 43.926227, 924.902641, 1628.683349, 1
1561124330, 1.998773, 1.103581, 39.736750, 0.013230, 47.608227, 949.783601, 1628.683349, 1
1561124338, 2.275261, 1.481921, 39.730753, 0.123961, 34.030704, 1619.684244, 1628.683349, 1
1561124346, 1.223409, 2.382254, 39.575030, 0.014904, 43.098174, 951.544027, 1628.683349, 1
1561124354, 2.275261, 1.481921, 39.730753, 0.123961, 34.030704, 1619.094291, 1628.683349, 1
1561124355, 3.357722, 2.429347, 27.772371, 0.389672, 23.556370, 205.177037, 1628.683349, 0
1561124355, 2.907345, 2.336796, 29.660448, 0.068494, 29.342253, 9.934177, 1628.683349, 0
1561124355, 2.446168, 1.107392, 32.965058, 1.068300, 34.030704, 224.616223, 1628.683349, 0
1561124356, 3.295464, 2.432553, 34.994775, 0.004163, 48.978981, 8.552397, 1628.683349, 0
1561124364, 0.607485, 2.400050, 39.736750, 0.013230, 24.786485, 941.126320, 1628.683349, 1
1561124372, 3.458029, 2.711206, 38.945545, 0.050976, 32.630492, 1131.369509, 1628.683349, 1
1561124380, 3.610651, 1.915112, 20.400381, 0.069366, 25.498865, 726.167916, 1628.683349, 1
1561124404, 2.275261, 1.481921, 39.730753, 0.123961, 34.030704, 1632.323435, 1632.323435, 1
1561124412, 2.078144, 2.710367, 39.226044, 0.025637, 33.325153, 997.204967, 1632.323435, 1
1561124420, 1.899232, 1.988426, 15.237941, 0.123961, 41.708886, 693.017861, 1632.323435, 1
1561124428, 2.538643, 1.481921, 37.651357, 0.074126, 17.511889, 1222.412500, 1632.323435, 1
1561124429, 2.275261, 1.427509, 39.894249, 1.544491, 17.937606, 221.168082, 1632.323435, 0
1561124429, 1.003836, 2.034762, 39.795981, 0.709667, 13.296139, 219.445322, 1632.323435, 0
1561124437, 2.275261, 1.481921, 39.730753, 0.123961, 34.030704, 1621.392871, 1632.323435, 1
1561124445, 0.480431, 2.277607, 28.996875, 0.043216, 39.011539, 783.154315, 1632.323435, 1
1561124454, 2.531645, 2.511797, 39.817478, 0.157946, 40.866336, 1883.079072, 1632.323435, 1
1561124462, 2.536377, 1.490548, 36.244627, 0.007906, 34.044254, 845.180552, 1632.323435, 1
1561124463, 2.353783, 2.257302, 31.241438, 0.493583, 43.373880, 208.205120, 1632.323435, 0
1561124471, 0.760662, 1.840922, 39.616722, 0.030296, 40.411092, 1013.842828, 1632.323435, 1
1561124471, 3.734065, 1.403871, 37.670898, 0.074882, 24.014358, 5.832656, 1632.323435, 0
1561124472, 3.186795, 2.862971, 39.907859, 0.642248, 48.241018, 217.028331, 1632.323435, 0
1561124472, 2.531645, 2.511797, 39.817478, 0.157946, 40.866336, 6.287735, 1632.323435, 0
1561124473, 0.169599, 2.338375, 28.996875, 1.062922, 39.011539, 320.047458, 1632.323435, 0
1561124474, 0.736045, 1.934191, 34.872360, 0.390974, 44.003779, 208.247438, 1632.323435, 0
1561124482, 2.275261, 1.481921, 39.730753, 0.123961, 34.030704, 1620.977812, 1632.323435, 1
1561124482, 2.300596, 2.446034, 39.888262, 1.311291, 34.693031, 218.600515, 1632.323435, 0
1561124482, 2.531645, 1.402799, 31.178870, 1.525262, 28.312158, 10.377992, 1632.323435, 0
1561124483, 2.503835, 1.481921, 39.829882, 1.032575, 39.788249, 224.031604, 1632.323435, 0
1561124483, 2.275261, 1.481921, 39.730753, 0.123961, 34.030704, 10.354308, 1632.323435, 0
1561124491, 1.830543, 1.157303, 39.944987, 0.109975, 30.723149, 1503.149443, 1632.323435, 1
1561124499, 1.428204, 2.452747, 39.863051, 0.099649, 31.266155, 1434.339294, 1632.323435, 1
1561124507, 0.222147, 1.840922, 20.172060, 0.011002, 13.864059, 520.840066, 1632.323435, 1
1561124515, 0.916933, 2.328351, 39.710498, 0.030296, 12.729262, 1023.142538, 1632.323435, 1
1561124516, 2.275261, 1.168353, 39.887487, 1.422987, 36.427400, 218.527028, 1632.323435, 0
1561124516, 3.552299, 1.115018, 39.887182, 0.039208, 16.186897, 9.284770, 1632.323435, 0
1561124524, 2.275261, 1.481921, 39.730753, 0.123961, 34.030704, 1624.805105, 1632.323435, 1
1561124532, 1.738398, 2.433587, 23.555756, 0.014919, 21.958704, 630.515529, 1632.323435, 1
1561124540, 0.511252, 1.192897, 39.938482, 0.036985, 14.847998, 1032.405588, 1632.323435, 1
1561124548, 1.163424, 1.351703, 39.853902, 0.119703, 36.741016, 1554.920877, 1632.323435, 1
1561124549, 0.413277, 1.271327, 17.419760, 1.256825, 21.147476, 296.066222, 1632.323435, 0
1561124549, 0.779764, 1.367898, 39.912467, 0.119049, 34.049908, 0.237651, 1632.323435, 0
1561124550, 0.808225, 1.683580, 39.715448, 1.563212, 9.011800, 348.023991, 1632.323435, 0
1561124558, 2.029896, 1.212431, 39.835364, 0.026365, 11.524309, 1014.968317, 1632.323435, 1
1561124566, 2.275261, 1.481921, 39.730753, 0.123961, 34.030704, 1621.208597, 1632.323435, 1
1561124574, 0.851488, 1.477585, 39.811982, 0.050648, 35.199856, 1114.981392, 1632.323435, 1
1561124575, 0.406782, 1.543081, 28.885508, 0.552014, 27.819592, 238.945081, 1632.323435, 0
1561124583, 2.125952, 1.643340, 36.296037, 0.057607, 28.034128, 1073.348485, 1632.323435, 1
1561124591, 0.810140, 2.656052, 39.888236, 0.020787, 41.228895, 982.319991, 1632.323435, 1
1561124599, 1.655344, 1.575414, 39.811982, 0.046296, 44.121904, 1111.060672, 1632.323435, 1
1561124607, 2.275261, 1.481921, 39.730753, 0.123961, 34.030704, 1629.779958, 1632.323435, 1
1561124615, 0.438796, 1.466155, 37.581492, 0.022612, 32.157245, 918.435238, 1632.323435, 1
1561124623, 0.505464, 1.330432, 38.512759, 0.011727, 27.514703, 904.824173, 1632.323435, 1
1561124631, 1.326110, 1.283820, 28.971900, 0.042763, 43.634279, 803.810723, 1632.323435, 1
1561124632, 2.874455, 1.294760, 39.873988, 1.158123, 18.399949, 216.627639, 1632.323435, 0
1561124632, 2.275261, 1.481921, 39.730753, 0.123961, 34.030704, 6.160802, 1632.323435, 0
1561124632, 1.230139, 1.087150, 24.739456, 1.384877, 45.629201, 225.451898, 1632.323435, 0
1561124640, 2.825451, 1.189042, 39.738142, 0.122224, 34.193335, 1628.078434, 1632.323435, 1
1561124641, 3.028683, 2.563040, 24.403958, 0.586321, 20.614227, 207.529721, 1632.323435, 0
1561124649, 0.530493, 1.706093, 39.907942, 0.032100, 36.786641, 1013.586652, 1632.323435, 1
1561124657, 1.651389, 1.899701, 37.875759, 0.057237, 42.528836, 1113.107707, 1632.323435, 1
1561124665, 3.586533, 1.146120, 39.907738, 0.057720, 39.109022, 1203.862757, 1632.323435, 1
1561124673, 2.275261, 1.481921, 39.730753, 0.123961, 34.030704, 1618.853078, 1632.323435, 1
1561124673, 3.409501, 1.188957, 39.804366, 0.605144, 44.001553, 215.348587, 1632.323435, 0
1561124674, 2.275261, 1.481921, 39.730753, 0.123961, 34.030704, 6.633321, 1632.323435, 0
1561124681, 0.581353, 1.065823, 39.760953, 0.101391, 33.929192, 1323.281424, 1632.323435, 1
1561124689, 1.204561, 1.622657, 39.491101, 0.018216, 45.642582, 963.806538, 1632.323435, 1
1561124690, 0.640533, 1.506641, 38.407984, 1.470498, 45.206322, 314.187793, 1632.323435, 0
1561124691, 2.349949, 1.356482, 39.740834, 1.518529, 14.398172, 221.231891, 1632.323435, 0
1561124699, 1.660242, 1.165246, 39.923117, 0.026320, 30.998735, 1014.564381, 1632.323435, 1
1561124707, 2.275261, 1.481921, 39.730753, 0.123961, 34.030704, 1623.862449, 1632.323435, 1
1561124715, 2.275261, 1.481921, 39.730753, 0.123961, 34.030704, 1616.057017, 1632.323435, 1
1561124723, 1.583739, 1.333974, 39.868598, 0.093229, 40.571390, 1399.903079, 1632.323435, 1
1561124731, 1.428331, 1.577890, 39.579001, 0.020683, 45.800932, 979.383639, 1632.323435, 1
1561124739, 2.369900, 1.181044, 39.751789, 0.056756, 42.858035, 1180.090437, 1632.323435, 1
1561124747, 1.550742, 1.666930, 39.760111, 0.095864, 27.092633, 1410.586732, 1632.323435, 1
1561124755, 0.730562, 1.596052, 36.536080, 0.005647, 45.908618, 839.721698, 1632.323435, 1
1561124763, 2.951029, 1.589868, 39.613030, 0.018216, 41.720994, 973.532351, 1632.323435, 1
1561124763, 2.115987, 1.336073, 39.961942, 0.415948, 36.918934, 209.103637, 1632.323435, 0
1561124763, 3.021205, 1.479823, 21.144134, 1.261929, 14.099680, 10.314076, 1632.323435, 0
1561124771, 2.275261, 1.481921, 39.730753, 0.123961, 34.030704, 1632.183077, 1632.323435, 1
1561124779, 2.689245, 1.548051, 39.392129, 0.032863, 42.363659, 1040.112425, 1632.323435, 1
1561124788, 2.275261, 1.481921, 39.730753, 0.123961, 34.030704, 1625.944168, 1632.323435, 1
1561124795, 1.188997, 1.808881, 36.109057, 0.107186, 17.255740, 1334.483430, 1632.323435, 1
1561124804, 2.254181, 1.922212, 27.274088, 0.007653, 27.181185, 705.078078, 1632.323435, 1
1561124804, 1.000635, 1.594112, 34.089887, 0.517421, 47.979450, 212.700894, 1632.323435, 0
1561124805, 1.648353, 1.631241, 18.129504, 1.154043, 22.605011, 221.385182, 1632.323435, 0
1561124805, 3.415988, 1.517611, 39.736416, 0.098941, 28.408465, 8.146921, 1632.323435, 0
1561124829, 3.608849, 1.155402, 39.744270, 0.123961, 43.835933, 1663.785893, 1663.785893, 1
1561124830, 2.275261, 1.799040, 39.759854, 0.984687, 25.957711, 204.433854, 1663.785893, 0
1561124830, 2.275261, 1.481921, 39.730753, 0.123961, 34.030704, 9.460335, 1663.785893, 0
1561124838, 2.275261, 1.481921, 39.730753, 0.123961, 34.030704, 1623.471022, 1663.785893, 1
1561124846, 0.872228, 1.805908, 32.150449, 0.060470, 21.284404, 950.136756, 1663.785893, 1
1561124854, 3.447972, 1.182213, 39.730753, 0.123961, 27.004815, 1658.821998, 1663.785893, 1
1561124862, 2.259478, 1.412480, 39.915468, 0.117078, 24.364730, 1579.961782, 1663.785893, 1
1561124863, 2.275261, 1.217664, 36.678221, 1.431873, 34.030704, 218.557630, 1663.785893, 0
1561124871, 1.283335, 1.587279, 18.484706, 0.072615, 43.345938, 646.440060, 1663.785893, 1
1561124872, 0.882803, 1.408712, 33.267066, 0.705188, 33.158880, 234.792170, 1663.785893, 0
1561124880, 2.203322, 1.531013, 38.582155, 0.113257, 23.402646, 1488.322380, 1663.785893, 1
1561124887, 3.130712, 1.756816, 34.792511, 0.070090, 21.054348, 1105.424154, 1663.785893, 1
1561124896, 3.152087, 1.176475, 39.802221, 0.059089, 46.592602, 1204.725193, 1663.785893, 1
1561124904, 3.608849, 1.155402, 39.744270, 0.123961, 43.835933, 1654.444889, 1663.785893, 1
1561124912, 3.367104, 1.302583, 35.566412, 0.066578, 18.418248, 1111.772467, 1663.785893, 1
1561124920, 2.603329, 2.309309, 36.314790, 0.061234, 28.286753, 1100.901461, 1663.785893, 1
1561124928, 2.263661, 2.238415, 39.902214, 0.118902, 35.422980, 1599.021757, 1663.785893, 1
1561124928, 3.608849, 1.155402, 39.744270, 0.123961, 43.835933, 5.847197, 1663.785893, 0
1561124928, 1.663964, 1.386308, 38.533947, 1.075207, 36.579451, 225.322247, 1663.785893, 0
1561124929, 0.523733, 1.754756, 25.478946, 1.148592, 23.296836, 285.799712, 1663.785893, 0
1561124937, 3.287296, 2.593225, 38.607331, 0.020838, 24.857216, 961.382511, 1663.785893, 1
1561124945, 2.755207, 2.095221, 39.056231, 0.022311, 42.789734, 979.446512, 1663.785893, 1
1561124945, 3.608849, 1.155402, 39.744270, 0.123961, 43.835933, 6.179925, 1663.785893, 0
1561124953, 3.435376, 1.194168, 38.549880, 0.110967, 42.356831, 1494.740292, 1663.785893, 1
1561124961, 2.661440, 2.493865, 37.062850, 0.091933, 14.808554, 1309.799517, 1663.785893, 1
1561124969, 3.469724, 1.682515, 36.664543, 0.068329, 22.214375, 1165.310704, 1663.785893, 1
1561124977, 1.752860, 1.269874, 39.781225, 0.113639, 42.946701, 1519.665785, 1663.785893, 1
1561124985, 3.608849, 1.155402, 39.744270, 0.123961, 43.835933, 1649.077178, 1663.785893, 1
1561124985, 3.842648, 1.155402, 39.919373, 0.072560, 43.896925, 5.798118, 1663.785893, 0
1561124993, 1.032100, 1.149798, 28.279449, 0.057793, 48.194362, 835.643408, 1663.785893, 1
1561125001, 0.678290, 1.223061, 39.781225, 0.067107, 46.405842, 1181.389492, 1663.785893, 1
1561125009, 3.413292, 1.269874, 33.293102, 0.036680, 37.576583, 903.161256, 1663.785893, 1
1561125017, 3.756387, 1.656691, 34.269581, 0.017189, 22.214375, 840.634732, 1663.785893, 1
1561125017, 3.608849, 1.155402, 39.744270, 0.123961, 43.835933, 6.204138, 1663.785893, 0
1561125017, 3.312447, 2.710442, 27.347653, 1.436087, 18.706339, 216.431964, 1663.785893, 0
1561125018, 3.608849, 1.155402, 39.744270, 0.123961, 43.835933, 7.198880, 1663.785893, 0
1561125026, 2.963316, 1.711708, 39.814375, 0.113063, 47.254791, 1566.610572, 1663.785893, 1
1561125026, 2.637325, 1.659209, 37.297786, 0.532591, 11.000372, 209.745485, 1663.785893, 0
1561125034, 0.810168, 1.177253, 38.934508, 0.106000, 45.280304, 1397.073164, 1663.785893, 1
1561125042, 3.335547, 2.046979, 39.396597, 0.112805, 48.210932, 1551.732686, 1663.785893, 1
1561125050, 1.946799, 1.220939, 31.754129, 0.152308, 31.395273, 1469.009033, 1663.785893, 1
1561125058, 3.527834, 1.226188, 35.953942, 0.060072, 30.197402, 1091.374353, 1663.785893, 1
1561125082, 3.608849, 1.155402, 39.744270, 0.123961, 43.835933, 1666.000919, 1666.000919, 1
1561125090, 1.968146, 1.369369, 36.580679, 0.052098, 43.033746, 1051.983738, 1666.000919, 1
1561125098, 3.439284, 1.626669, 33.638448, 0.025160, 20.552535, 859.273704, 1666.000919, 1
1561125106, 2.148255, 2.229415, 17.228515, 0.094863, 47.848299, 682.124102, 1666.000919, 1
1561125107, 3.396967, 1.433057, 35.868372, 0.996829, 20.761904, 223.596983, 1666.000919, 0
1561125107, 3.392929, 1.883797, 29.577599, 1.006970, 45.977851, 7.937385, 1666.000919, 0
1561125115, 2.963316, 1.711708, 39.814375, 0.113063, 47.254791, 1574.924673, 1666.000919, 1
1561125123, 3.276302, 1.355781, 39.877975, 0.039992, 31.518607, 1091.478616, 1666.000919, 1
1561125131, 2.183283, 2.566903, 24.959614, 0.106925, 27.086143, 946.119701, 1666.000919, 1
1561125132, 0.764521, 2.718631, 26.367502, 0.642758, 47.681354, 232.966119, 1666.000919, 0
1561125132, 3.608849, 1.155402, 39.744270, 0.123961, 43.835933, 6.743058, 1666.000919, 0
1561125132, 2.896767, 1.237175, 36.204486, 1.154910, 27.072744, 216.638749, 1666.000919, 0
1561125132, 3.077227, 1.757216, 39.301360, 0.055145, 16.509664, 5.981638, 1666.000919, 0
1561125140, 3.608849, 1.155402, 39.744270, 0.123961, 43.835933, 1664.597327, 1666.000919, 1
1561125141, 3.277855, 1.548765, 39.910702, 1.299346, 21.985470, 219.246959, 1666.000919, 0
1561125141, 1.667119, 1.098123, 39.877975, 0.026308, 20.184727, 5.376760, 1666.000919, 0
1561125149, 3.682907, 1.151416, 24.327962, 0.017052, 30.197402, 660.850065, 1666.000919, 1
1561125150, 3.527834, 1.226188, 30.084007, 1.451632, 43.970830, 217.621389, 1666.000919, 0
1561125158, 2.483652, 1.154597, 25.264222, 0.102379, 46.680290, 937.710066, 1666.000919, 1
1561125166, 3.608849, 1.155402, 39.744270, 0.123961, 43.835933, 1659.443754, 1666.000919, 1
1561125174, 3.608849, 1.155402, 39.744270, 0.123961, 43.835933, 1661.746886, 1666.000919, 1
1561125183, 3.745698, 1.823647, 21.859013, 0.043701, 44.413538, 679.582192, 1666.000919, 1
1561125191, 2.633027, 1.155402, 32.261351, 0.123961, 43.835933, 1345.414281, 1666.000919, 1
1561125198, 1.635680, 1.459368, 39.856529, 0.049466, 47.538578, 1133.487705, 1666.000919, 1
1561125206, 2.465058, 2.701195, 27.667700, 0.079149, 28.845433, 921.207832, 1666.000919, 1
1561125214, 1.058946, 1.222173, 36.821958, 0.112371, 45.638759, 1400.203854, 1666.000919, 1
1561125222, 3.608849, 1.050379, 37.476243, 0.083629, 30.548017, 1286.010329, 1666.000919, 1
1561125230, 2.335370, 2.290150, 39.744270, 0.123961, 46.709889, 1623.398090, 1666.000919, 1
1561125231, 3.608849, 1.155402, 39.744270, 0.123961, 43.835933, 6.205733, 1666.000919, 0
1561125238, 3.199650, 2.112848, 26.746296, 0.036112, 25.951730, 797.208195, 1666.000919, 1
1561125239, 1.435210, 1.362076, 29.910060, 1.074213, 44.950275, 223.688714, 1666.000919, 0
1561125239, 3.608849, 1.155402, 39.744270, 0.123961, 43.835933, 7.450817, 1666.000919, 0
1561125247, 3.608849, 1.338015, 39.856813, 0.037958, 44.459956, 1083.539151, 1666.000919, 1
1561125255, 3.010348, 1.398123, 39.744270, 0.123961, 47.357711, 1647.873628, 1666.000919, 1
1561125256, 2.811095, 1.917438, 23.516976, 0.679127, 25.010856, 208.522763, 1666.000919, 0
1561125264, 1.462558, 1.491965, 39.744270, 0.034662, 40.002544, 1046.290398, 1666.000919, 1
1561125272, 1.538776, 2.419267, 26.515821, 0.096995, 17.702889, 942.396891, 1666.000919, 1
1561125272, 3.918284, 1.599126, 21.447642, 0.404016, 45.889889, 5.421618, 1666.000919, 0
1561125280, 3.687936, 1.267372, 39.951831, 0.026347, 22.264695, 1024.003990, 1666.000919, 1
1561125288, 0.429213, 1.175530, 39.797999, 0.027370, 46.828136, 985.572536, 1666.000919, 1
1561125296, 3.443815, 2.141058, 29.948487, 0.081805, 22.653183, 1017.510773, 1666.000919, 1
1561125304, 3.608849, 1.155402, 39.744270, 0.123961, 43.835933, 1661.813489, 1666.000919, 1
1561125312, 3.010348, 1.398123, 39.744270, 0.123961, 47.357711, 1639.390469, 1666.000919, 1
1561125320, 1.270715, 2.773710, 26.515821, 0.079143, 23.456622, 865.475776, 1666.000919, 1
1561125328, 3.010348, 1.639763, 39.744270, 0.121594, 47.357711, 1625.639219, 1666.000919, 1
1561125336, 2.811385, 1.627530, 35.320034, 0.083929, 38.658831, 1209.372122, 1666.000919, 1
1561125336, 1.806809, 2.584931, 15.401527, 1.304077, 9.996634, 223.232808, 1666.000919, 0
1561125337, 2.925935, 1.444156, 34.038353, 0.083313, 48.446659, 7.595489, 1666.000919, 0
1561125337, 1.277096, 2.408311, 39.796585, 0.992782, 46.842064, 225.486699, 1666.000919, 0
1561125337, 3.608849, 1.155402, 39.744270, 0.123961, 43.835933, 7.153154, 1666.000919, 0
1561125338, 3.095061, 1.737732, 23.455514, 1.200291, 20.116487, 223.841858, 1666.000919, 0
1561125346, 1.190307, 1.895605, 37.362895, 0.089581, 14.622512, 1273.924880, 1666.000919, 1
1561125354, 3.256467, 2.670590, 38.192567, 0.052480, 30.231513, 1114.217535, 1666.000919, 1
1561125362, 3.608849, 1.155402, 39.744270, 0.123961, 43.835933, 1665.589601, 1666.000919, 1
1561125370, 3.639986, 1.628539, 35.684704, 0.087033, 44.704600, 1249.805550, 1666.000919, 1
1561125370, 1.590023, 1.638755, 39.639112, 0.631536, 25.104593, 214.959867, 1666.000919, 0
1561125379, 0.664238, 2.620756, 17.352740, 0.079143, 23.456622, 612.724163, 1666.000919, 1
1561125387, 0.438877, 2.816530, 16.501546, 0.079143, 25.498932, 571.082655, 1666.000919, 1
1561125387, 3.608849, 1.155402, 39.744270, 0.123961, 43.835933, 6.208356, 1666.000919, 0
1561125395, 1.705662, 1.155402, 39.750381, 0.071428, 43.835933, 1260.867597, 1666.000919, 1
1561125403, 3.576215, 2.398135, 39.583521, 0.038249, 16.446879, 1077.178177, 1666.000919, 1
1561125404, 3.292972, 1.859923, 28.206731, 0.388088, 36.300003, 205.354215, 1666.000919, 0
1561125404, 3.608849, 1.155402, 39.744270, 0.123961, 43.835933, 7.194674, 1666.000919, 0
1561125412, 3.284301, 2.675512, 25.595552, 0.047830, 35.327561, 808.815697, 1666.000919, 1
1561125420, 2.942598, 1.477315, 19.772202, 0.113821, 39.224892, 850.182400, 1666.000919, 1
1561125428, 1.931873, 1.757986, 22.419068, 0.030246, 12.469646, 646.118756, 1666.000919, 1
1561125429, 0.318842, 1.890222, 16.956166, 1.134036, 35.605526, 257.912777, 1666.000919, 0
1561125429, 3.510101, 2.098176, 23.357923, 0.962621, 45.909183, 6.619094, 1666.000919, 0
1561125437, 3.863579, 1.903569, 24.146104, 0.136810, 17.584244, 1074.898693, 1666.000919, 1
1561125445, 1.222412, 2.374174, 17.476345, 0.110047, 38.087527, 739.581244, 1666.000919, 1
1561125453, 0.872312, 2.332817, 32.245606, 0.017325, 22.720567, 787.570700, 1666.000919, 1
1561125461, 1.705662, 1.155402, 39.750381, 0.071428, 43.835933, 1261.694992, 1666.000919, 1
1561125469, 3.369073, 2.699432, 25.595552, 0.026389, 18.656390, 729.627747, 1666.000919, 1
1561125469, 3.608849, 1.155402, 39.744270, 0.123961, 43.835933, 6.186528, 1666.000919, 0
1561125470, 3.098768, 1.350283, 26.646700, 0.595158, 15.716413, 208.612082, 1666.000919, 0
1561125478, 2.942598, 2.276634, 16.769421, 0.069668, 19.992539, 593.520299, 1666.000919, 1
1561125486, 3.464567, 2.364691, 37.251681, 0.048285, 34.786535, 1063.176089, 1666.000919, 1
1561125494, 1.086028, 1.228088, 30.930621, 0.100504, 39.681707, 1086.128405, 1666.000919, 1
1561125502, 3.834387, 2.217242, 20.465624, 0.108672, 32.808187, 867.454352, 1666.000919, 1
1561125510, 1.994954, 1.255702, 37.674894, 0.052043, 40.316608, 1083.222311, 1666.000919, 1
1561125511, 1.633751, 2.378741, 39.181526, 1.417577, 29.418451, 226.837006, 1666.000919, 0
1561125519, 0.287255, 2.055516, 20.353233, 0.014547, 17.627732, 534.582372, 1666.000919, 1
1561125527, 1.874173, 2.584410, 16.899087, 0.012104, 19.693337, 447.986706, 1666.000919, 1
1561125535, 0.971317, 2.519884, 15.633931, 0.069442, 20.004346, 544.972194, 1666.000919, 1
1561125543, 3.608849, 1.155402, 39.744270, 0.123961, 43.835933, 1657.959884, 1666.000919, 1
1561125551, 1.483406, 1.181474, 36.586831, 0.054989, 42.354518, 1059.558037, 1666.000919, 1
1561125559, 1.705662, 1.155402, 39.750381, 0.071428, 43.835933, 1260.335101, 1666.000919, 1
1561125560, 1.257164, 1.292939, 25.576957, 0.877890, 26.539146, 219.133621, 1666.000919, 0
1561125568, 0.539090, 2.304296, 34.087575, 0.037052, 30.837096, 888.171051, 1666.000919, 1
1561125569, 1.710734, 1.997629, 25.133536, 0.906045, 35.334970, 217.560122, 1666.000919, 0
1561125569, 3.608849, 1.155402, 39.744270, 0.123961, 43.835933, 8.578951, 1666.000919, 0
1561125576, 1.993204, 1.168777, 33.096404, 0.144234, 42.428404, 1475.193647, 1666.000919, 1
1561125584, 1.145677, 2.305729, 37.890733, 0.025193, 43.448722, 955.047754, 1666.000919, 1
1561125593, 3.608849, 1.155402, 39.744270, 0.123961, 43.835933, 1664.948326, 1666.000919, 1
1561125593, 2.860260, 1.152814, 39.828064, 0.682012, 43.835933, 218.377368, 1666.000919, 0
1561125601, 2.285922, 1.082492, 31.335355, 0.094180, 43.893924, 1103.744216, 1666.000919, 1
1561125602, 1.483406, 1.754307, 35.240105, 0.592730, 42.354518, 212.618623, 1666.000919, 0
1561125602, 0.578627, 1.181474, 37.801274, 0.481611, 42.354518, 206.623782, 1666.000919, 0
1561125603, 3.608849, 1.155402, 39.744270, 0.123961, 43.835933, 6.634258, 1666.000919, 0
1561125610, 1.824780, 1.103550, 27.547632, 0.106396, 43.536259, 1023.288828, 1666.000919, 1
1561125618, 2.649766, 1.462532, 34.538687, 0.078906, 47.361650, 1140.006777, 1666.000919, 1
1561125626, 3.102374, 2.135576, 39.030322, 0.041540, 31.350637, 1077.851079, 1666.000919, 1
1561125634, 1.691905, 1.813279, 38.694822, 0.104099, 43.250831, 1426.236616, 1666.000919, 1
1561125642, 3.075275, 1.389289, 30.428667, 0.048810, 42.626295, 875.652361, 1666.000919, 1
1561125650, 2.537740, 2.110693, 37.733849, 0.028783, 47.441026, 978.110577, 1666.000919, 1
1561125650, 3.608849, 1.155402, 39.744270, 0.123961, 43.835933, 6.200780, 1666.000919, 0
1561125658, 1.093131, 1.082492, 32.331905, 0.094180, 46.692131, 1107.284389, 1666.000919, 1
1561125659, 2.672718, 1.052543, 30.158764, 0.480674, 47.930676, 207.293326, 1666.000919, 0
1561125667, 2.326178, 1.579339, 23.929068, 0.078810, 43.397577, 861.596031, 1666.000919, 1
1561125667, 3.608849, 1.155402, 39.744270, 0.123961, 43.835933, 6.226434, 1666.000919, 0
1561125675, 2.912969, 1.073259, 32.331905, 0.094180, 47.978937, 1157.475968, 1666.000919, 1
1561125683, 1.691905, 1.813279, 38.694822, 0.104099, 43.250831, 1429.787166, 1666.000919, 1
1561125691, 3.036460, 1.161464, 30.848827, 0.048418, 29.370803, 886.479029, 1666.000919, 1
1561125699, 1.186266, 1.519306, 38.274662, 0.080775, 47.802989, 1258.002369, 1666.000919, 1
1561125707, 3.241264, 2.302678, 31.287436, 0.058483, 29.166850, 945.228387, 1666.000919, 1
1561125715, 1.843717, 1.090972, 35.933680, 0.058334, 45.825241, 1060.586631, 1666.000919, 1
1561125723, 1.077497, 1.067613, 30.937540, 0.183426, 47.053735, 1585.795838, 1666.000919, 1
1561125731, 2.760478, 1.050373, 31.680096, 0.102836, 20.886118, 1182.658054, 1666.000919, 1
1561125739, 3.355398, 2.115118, 30.881045, 0.092065, 44.668369, 1099.840329, 1666.000919, 1
1561125747, 1.636578, 1.101697, 33.208096, 0.093491, 42.277361, 1164.694466, 1666.000919, 1
1561125747, 2.901408, 2.125968, 31.703878, 0.622713, 31.870796, 212.172871, 1666.000919, 0
1561125755, 1.077497, 1.067613, 30.937540, 0.183426, 47.053735, 1588.253215, 1666.000919, 1
1561125756, 2.650275, 2.206080, 32.149031, 1.286099, 24.622450, 216.609286, 1666.000919, 0
1561125756, 3.608849, 1.155402, 39.744270, 0.123961, 43.835933, 6.572480, 1666.000919, 0
1561125764, 2.232236, 1.627333, 26.116017, 0.082555, 46.069885, 879.271231, 1666.000919, 1
1561125764, 1.895114, 2.413303, 26.210405, 0.448550, 25.100104, 207.143063, 1666.000919, 0
1561125765, 1.077497, 1.531315, 28.552400, 0.918098, 47.768914, 220.691541, 1666.000919, 0
1561125773, 1.077497, 1.057027, 34.016702, 0.165065, 47.053735, 1620.044933, 1666.000919, 1
1561125781, 1.077497, 1.057027, 34.016702, 0.165065, 47.053735, 1613.905542, 1666.000919, 1
1561125789, 1.205425, 1.272805, 25.309270, 0.085595, 48.614746, 850.687652, 1666.000919, 1
1561125797, 1.386892, 1.081748, 33.569219, 0.052676, 47.801445, 965.216778, 1666.000919, 1
1561125805, 1.177614, 2.291305, 33.655578, 0.112035, 47.169715, 1274.127172, 1666.000919, 1
1561125813, 3.303512, 1.216552, 34.126672, 0.031187, 21.229776, 899.996587, 1666.000919, 1
1561125821, 3.032587, 1.760315, 31.318089, 0.092333, 47.508938, 1107.461148, 1666.000919, 1
1561125829, 3.608849, 1.155402, 39.744270, 0.123961, 43.835933, 1672.136980, 1666.000919, 1
1561125837, 2.552202, 1.391043, 24.334248, 0.085264, 47.953629, 904.153302, 1666.000919, 1
1561125861, 2.339042, 1.030997, 30.937540, 0.183426, 42.831736, 1690.177737, 1690.177737, 1
1561125862, 0.977068, 1.067613, 30.937540, 0.381299, 34.853580, 201.247712, 1690.177737, 0
1561125870, 3.544178, 1.141888, 29.512454, 0.034846, 44.242014, 796.532295, 1690.177737, 1
1561125878, 2.339042, 1.030997, 30.937540, 0.183426, 42.831736, 1672.907868, 1690.177737, 1
1561125886, 1.965524, 1.070348, 37.154105, 0.047776, 46.685112, 1046.780283, 1690.177737, 1
1561125894, 2.328543, 1.042397, 33.645249, 0.078720, 42.263044, 1103.925333, 1690.177737, 1
1561125902, 2.080124, 1.668248, 23.530301, 0.068526, 47.053735, 813.537523, 1690.177737, 1
1561125910, 2.339042, 1.030997, 30.937540, 0.183426, 42.831736, 1679.111101, 1690.177737, 1
1561125918, 2.719287, 1.835740, 34.611556, 0.131608, 47.126907, 1474.502965, 1690.177737, 1
1561125918, 3.026084, 1.983639, 30.840792, 0.921137, 47.347543, 222.133924, 1690.177737, 0
1561125918, 3.694712, 1.055445, 39.524859, 0.120338, 27.271952, 6.603702, 1690.177737, 0
1561125926, 3.315438, 1.214163, 34.346084, 0.023610, 22.112725, 869.821482, 1690.177737, 1
1561125951, 2.339042, 1.030997, 30.937540, 0.183426, 42.831736, 1691.311356, 1691.311356, 1
1561125959, 3.828156, 1.141888, 19.848306, 0.034846, 44.242014, 591.186750, 1691.311356, 1
1561125967, 2.386845, 1.039965, 27.071946, 0.147763, 44.587224, 1259.405371, 1691.311356, 1
1561125975, 3.548604, 1.522619, 37.305562, 0.031434, 14.519066, 984.706903, 1691.311356, 1
1561125983, 2.339042, 1.030997, 30.937540, 0.183426, 42.831736, 1679.584893, 1691.311356, 1
1561125991, 3.280643, 1.160244, 33.342700, 0.070655, 24.595385, 1063.173791, 1691.311356, 1
1561125999, 2.625916, 1.193980, 23.842413, 0.149785, 31.398115, 1105.424206, 1691.311356, 1
1561126000, 3.368400, 1.313280, 28.434476, 1.237066, 44.338371, 216.232753, 1691.311356, 0
1561126000, 2.066669, 1.059692, 30.493212, 1.234308, 46.267683, 7.605670, 1691.311356, 0
1561126008, 2.523156, 1.038159, 22.803187, 0.094480, 43.875193, 888.449644, 1691.311356, 1
1561126008, 2.312063, 1.018771, 28.442608, 0.530139, 43.608258, 208.117888, 1691.311356, 0
1561126016, 1.241079, 1.028570, 28.856626, 0.160672, 35.851304, 1371.876458, 1691.311356, 1
1561126024, 2.601166, 1.153076, 24.160361, 0.145586, 30.799312, 1098.890948, 1691.311356, 1
1561126049, 2.339042, 1.030997, 30.937540, 0.183426, 42.831736, 1692.091339, 1692.091339, 1
1561126057, 2.508477, 1.033883, 23.262904, 0.100218, 40.405053, 925.562358, 1692.091339, 1
1561126065, 2.339042, 1.030997, 30.937540, 0.183426, 42.831736, 1680.689513, 1692.091339, 1
1561126065, 3.737610, 1.393970, 37.524672, 0.029648, 13.339400, 5.683837, 1692.091339, 0
1561126073, 2.229216, 1.416605, 29.301610, 0.146204, 16.485962, 1349.069595, 1692.091339, 1
1561126081, 1.244893, 1.023887, 23.448586, 0.064348, 41.715841, 790.097683, 1692.091339, 1
1561126089, 2.353650, 1.024252, 30.292142, 0.133960, 19.727629, 1301.165680, 1692.091339, 1
1561126097, 2.339042, 1.030997, 30.937540, 0.183426, 42.831736, 1678.732822, 1692.091339, 1
1561126097, 2.075267, 2.084856, 34.044038, 0.316034, 20.107481, 206.028197, 1692.091339, 0
1561126106, 2.293057, 1.329112, 19.023378, 0.063904, 36.626325, 646.275297, 1692.091339, 1
1561126114, 2.603463, 1.661556, 33.554496, 0.110731, 34.936975, 1300.396773, 1692.091339, 1
1561126122, 2.339042, 1.030997, 30.937540, 0.183426, 42.831736, 1680.711853, 1692.091339, 1
1561126130, 0.983607, 2.310326, 26.976093, 0.201316, 38.887455, 1453.293088, 1692.091339, 1
1561126137, 1.703960, 1.802824, 29.854802, 0.050245, 30.735635, 857.226306, 1692.091339, 1
1561126145, 3.174870, 1.261457, 23.919441, 0.118089, 17.524386, 973.791177, 1692.091339, 1
1561126152, 2.288709, 1.411349, 34.600601, 0.175265, 42.537377, 1606.391859, 1692.091339, 0
1561126160, 2.655707, 1.126747, 25.622021, 0.153747, 35.858037, 1230.182589, 1692.091339, 1
1561126168, 3.179798, 1.103209, 31.905513, 0.156537, 39.911582, 1560.528425, 1692.091339, 1
1561126176, 2.505657, 1.580815, 32.586524, 0.127440, 28.215429, 1388.705502, 1692.091339, 1
1561126184, 2.354454, 1.067751, 31.090075, 0.067826, 42.371573, 974.582545, 1692.091339, 1
1561126192, 2.588050, 2.394262, 33.401962, 0.089743, 35.397138, 1169.083306, 1692.091339, 1
1561126200, 3.087947, 1.156486, 34.099281, 0.075899, 39.805242, 1116.562613, 1692.091339, 1
1561126225, 2.339042, 1.030997, 30.937540, 0.183426, 42.831736, 1701.916388, 1701.916388, 1
1561126233, 1.098734, 1.678350, 35.696003, 0.175315, 32.274949, 1692.117864, 1701.916388, 1
1561126241, 2.339042, 1.030997, 30.937540, 0.183426, 42.831736, 1675.047536, 1701.916388, 1
1561126249, 2.994226, 2.305564, 27.579889, 0.117490, 35.733071, 1104.268804, 1701.916388, 1
1561126273, 1.728547, 1.337794, 34.491028, 0.168506, 41.741281, 1708.513995, 1708.513995, 1
1561126281, 1.959593, 1.169267, 30.775784, 0.169351, 23.085968, 1560.412851, 1708.513995, 1
1561126289, 2.163810, 2.033479, 33.315961, 0.048132, 43.559248, 946.839692, 1708.513995, 1
1561126297, 2.339251, 1.584413, 28.208497, 0.127408, 42.151835, 1181.727742, 1708.513995, 1
1561126298, 1.423827, 2.127362, 34.304017, 0.394420, 28.593804, 209.846184, 1708.513995, 0
1561126298, 2.339042, 2.101648, 34.525759, 1.127198, 42.831736, 225.008337, 1708.513995, 0
1561126306, 2.339042, 1.819130, 30.937540, 0.183426, 30.396920, 1688.312768, 1708.513995, 1
1561126331, 1.728547, 1.337794, 34.491028, 0.168506, 41.741281, 1712.525342, 1712.525342, 1
1561126339, 1.240687, 1.705175, 27.096616, 0.136095, 42.925747, 1129.014462, 1712.525342, 1
1561126347, 1.728547, 1.337794, 34.491028, 0.168506, 41.741281, 1700.478419, 1712.525342, 1
1561126348, 2.339042, 1.965182, 31.989426, 0.183426, 38.423589, 325.395476, 1712.525342, 0
1561126356, 0.646632, 1.334415, 36.591682, 0.083475, 41.367227, 1154.790377, 1712.525342, 1
1561126364, 1.954960, 1.100198, 20.817825, 0.169334, 23.460021, 1033.726994, 1712.525342, 1
1561126372, 1.728547, 1.337794, 34.491028, 0.168506, 41.741281, 1693.897528, 1712.525342, 1
1561126396, 1.728547, 1.337794, 34.491028, 0.168506, 41.741281, 1722.569988, 1722.569988, 1
1561126396, 1.103031, 1.777437, 29.696303, 0.586806, 24.897706, 211.773016, 1722.569988, 0
1561126403, 2.960787, 1.409854, 29.287978, 0.145044, 41.458987, 1359.963942, 1722.569988, 1
1561126411, 1.016746, 2.334392, 37.121633, 0.153337, 41.970362, 1621.663361, 1722.569988, 1
1561126417, 2.602644, 1.945816, 33.464031, 0.178148, 43.330166, 1604.535581, 1722.569988, 0
1561126424, 2.392683, 1.638371, 25.692448, 0.072698, 42.740036, 833.323181, 1722.569988, 1
1561126431, 3.084845, 1.791439, 30.615571, 0.120977, 31.783751, 1265.598052, 1722.569988, 1
1561126432, 1.200958, 1.431056, 31.761033, 0.948066, 43.581535, 221.520839, 1722.569988, 0
1561126432, 2.186617, 1.450312, 28.422444, 0.724623, 42.430145, 213.650384, 1722.569988, 0
1561126433, 2.960787, 1.298205, 27.815866, 0.140388, 41.458987, 7.465372, 1722.569988, 0
1561126441, 2.318234, 1.280420, 33.275765, 0.093115, 41.458987, 1180.441784, 1722.569988, 1
1561126448, 1.016746, 2.334392, 37.121633, 0.153337, 23.826744, 1630.911680, 1722.569988, 1
1561126448, 1.016746, 2.161325, 37.121633, 1.183475, 45.147152, 227.098020, 1722.569988, 0
1561126449, 3.589466, 1.829430, 31.070810, 0.275044, 18.544770, 6.286001, 1722.569988, 0
1561126456, 1.728547, 1.337794, 34.491028, 0.168506, 41.741281, 1705.354766, 1722.569988, 1
1561126464, 1.728547, 1.337794, 34.491028, 0.168506, 41.741281, 1701.289943, 1722.569988, 1
1561126471, 1.774870, 1.375693, 33.826346, 0.093632, 44.495648, 1190.146575, 1722.569988, 1
1561126472, 1.282964, 1.626781, 36.137770, 1.041270, 30.526893, 225.209595, 1722.569988, 0
1561126480, 1.462329, 1.710528, 22.807908, 0.147978, 35.041132, 1014.537634, 1722.569988, 1
1561126488, 1.017173, 1.337794, 34.491028, 0.168506, 44.120929, 1617.628160, 1722.569988, 1
1561126489, 1.728547, 1.225051, 35.393239, 1.127628, 41.741281, 225.366934, 1722.569988, 0
1561126497, 1.760310, 1.363781, 19.175385, 0.099104, 20.164515, 771.041258, 1722.569988, 1
1561126505, 1.728547, 1.337794, 34.491028, 0.168506, 41.741281, 1706.676676, 1722.569988, 1
1561126505, 1.320674, 1.950056, 28.595863, 1.061979, 33.497675, 223.637720, 1722.569988, 0
1561126513, 1.470943, 1.760030, 25.246533, 0.117567, 36.928306, 980.553441, 1722.569988, 1
1561126521, 1.728547, 1.337794, 34.491028, 0.168506, 41.741281, 1705.474166, 1722.569988, 1
1561126529, 3.104076, 1.484721, 35.348455, 0.107994, 40.590824, 1375.705085, 1722.569988, 1
1561126538, 1.728547, 1.337794, 34.491028, 0.168506, 41.741281, 1707.025108, 1722.569988, 1
1561126545, 1.129593, 2.090448, 24.090885, 0.123293, 42.548699, 943.669458, 1722.569988, 1
1561126552, 1.728547, 1.337794, 34.491028, 0.168506, 41.741281, 1696.727703, 1722.569988, 1
1561126560, 1.340150, 1.247178, 20.090515, 0.153612, 29.108940, 982.231301, 1722.569988, 1
1561126567, 2.047124, 1.239668, 24.069415, 0.083886, 45.585753, 884.186437, 1722.569988, 1
1561126567, 2.915016, 1.474889, 35.230605, 0.532007, 32.912658, 210.687671, 1722.569988, 0
1561126574, 2.155568, 1.305244, 34.757209, 0.072616, 41.384131, 1103.248331, 1722.569988, 1
1561126581, 3.352243, 1.843042, 20.954065, 0.067256, 23.827701, 736.842629, 1722.569988, 1
1561126588, 1.449338, 1.337794, 34.491028, 0.168506, 41.741281, 1685.870231, 1722.569988, 1
1561126588, 2.461947, 1.337794, 34.491028, 1.025760, 39.141292, 224.036171, 1722.569988, 0
1561126588, 1.681799, 1.886943, 26.823422, 1.165716, 40.220833, 11.973915, 1722.569988, 0
1561126589, 1.377601, 1.230317, 21.823783, 0.417362, 30.629387, 208.718719, 1722.569988, 0
1561126597, 1.589436, 2.354326, 33.083767, 0.159716, 27.526097, 1578.476843, 1722.569988, 1
1561126606, 1.588448, 2.105322, 34.491028, 0.168506, 41.741281, 1703.430421, 1722.569988, 1
1561126614, 1.256989, 1.150380, 19.695948, 0.082275, 41.420106, 727.982832, 1722.569988, 1
1561126622, 1.728547, 1.337794, 34.491028, 0.168506, 41.741281, 1695.160870, 1722.569988, 1
1561126630, 0.818577, 1.324097, 33.036367, 0.128471, 42.379059, 1291.045072, 1722.569988, 1
1561126631, 1.833513, 1.148066, 25.524076, 1.077139, 25.022949, 223.225558, 1722.569988, 0
1561126639, 1.728547, 1.337794, 34.491028, 0.168506, 41.741281, 1698.045602, 1722.569988, 1
1561126646, 0.834374, 2.614652, 20.139557, 0.125675, 37.408955, 859.832836, 1722.569988, 1
1561126653, 1.588448, 2.105322, 34.491028, 0.168506, 41.741281, 1683.990115, 1722.569988, 1
1561126653, 2.338253, 1.850184, 34.135812, 0.999005, 38.153130, 223.558789, 1722.569988, 0
1561126653, 1.683857, 1.337121, 34.419588, 0.746944, 43.108293, 12.838226, 1722.569988, 0
1561126654, 0.528020, 1.324770, 20.750256, 1.120113, 42.347737, 280.691214, 1722.569988, 0
1561126661, 1.728547, 1.572343, 34.491028, 0.168506, 41.741281, 1687.708580, 1722.569988, 1
1561126668, 1.728547, 1.337794, 34.491028, 0.168506, 41.741281, 1701.200157, 1722.569988, 1
1561126675, 2.342172, 2.446987, 32.641700, 0.126709, 45.620521, 1375.674442, 1722.569988, 1
1561126675, 0.447230, 2.518952, 34.585522, 0.729814, 22.652900, 276.410770, 1722.569988, 0
1561126684, 1.154789, 1.735605, 33.734624, 0.077640, 25.815615, 1070.987837, 1722.569988, 1
1561126684, 1.664208, 1.807939, 24.623559, 1.222589, 36.068534, 223.419290, 1722.569988, 0
1561126693, 1.705352, 1.464867, 27.798192, 0.168506, 42.286031, 1407.786763, 1722.569988, 1
1561126701, 1.611643, 2.022899, 36.814703, 0.094656, 45.932610, 1294.644121, 1722.569988, 1
1561126702, 1.630432, 1.795100, 37.244957, 0.917648, 23.792400, 223.172567, 1722.569988, 0
1561126709, 0.724550, 2.045828, 34.369308, 0.153884, 39.178528, 1448.165973, 1722.569988, 1
1561126716, 0.844201, 2.017472, 35.264191, 0.168506, 41.741281, 1558.789436, 1722.569988, 1
1561126737, 1.728547, 1.337794, 34.491028, 0.168506, 41.741281, 1730.389956, 1730.389956, 1
1561126745, 1.728547, 1.337794, 34.491028, 0.168506, 41.741281, 1702.798078, 1730.389956, 1
1561126752, 1.723167, 1.530225, 34.469687, 0.165942, 44.106946, 1670.127202, 1730.389956, 1
1561126753, 0.839319, 2.093708, 37.632013, 1.149890, 41.741281, 251.288611, 1730.389956, 0
1561126761, 1.678245, 2.394110, 34.491028, 0.140275, 41.741281, 1490.181761, 1730.389956, 1
1561126763, 1.429379, 1.337794, 37.519481, 0.168506, 37.167064, 526.577816, 1730.389956, 0
1561126772, 1.728547, 1.722367, 34.491028, 0.168506, 42.209632, 1712.664400, 1730.389956, 1
1561126780, 0.844201, 1.433153, 35.264191, 0.168506, 41.741281, 1575.415499, 1730.389956, 1
1561126788, 0.388473, 2.017472, 35.264191, 0.168506, 41.741281, 1334.439300, 1730.389956, 1
1561126789, 1.987699, 2.533344, 35.566330, 0.934967, 45.731545, 223.331505, 1730.389956, 0
1561126797, 1.728547, 1.337794, 34.491028, 0.168506, 41.741281, 1707.292106, 1730.389956, 1
1561126805, 1.271923, 2.537190, 34.102271, 0.141914, 41.772923, 1470.848321, 1730.389956, 1
1561126813, 1.728547, 1.337794, 34.491028, 0.168506, 41.741281, 1696.042395, 1730.389956, 1
1561126814, 2.303768, 1.203548, 34.731554, 0.695711, 47.085578, 216.299444, 1730.389956, 0
1561126814, 2.783984, 1.201350, 34.686200, 0.167245, 43.326632, 9.363839, 1730.389956, 0
1561126822, 1.728547, 1.312839, 34.491028, 0.168506, 45.348259, 1700.732834, 1730.389956, 1
1561126831, 2.111396, 1.584488, 23.443910, 0.083525, 45.300374, 863.369174, 1730.389956, 1
1561126831, 0.946995, 1.429608, 20.832173, 0.993979, 41.795721, 230.507488, 1730.389956, 0
1561126832, 2.728369, 1.688749, 34.580899, 0.520348, 36.950797, 209.115255, 1730.389956, 0
1561126840, 0.706734, 2.327009, 34.491028, 0.093161, 42.126699, 1136.800555, 1730.389956, 1
1561126848, 1.728547, 1.722367, 34.491028, 0.168506, 42.209632, 1700.994132, 1730.389956, 1
1561126856, 1.728547, 1.337794, 34.491028, 0.168506, 41.741281, 1692.597575, 1730.389956, 1
1561126865, 0.844201, 2.244604, 37.841069, 0.133316, 41.741281, 1482.104961, 1730.389956, 1
1561126865, 0.795650, 1.316529, 36.563846, 1.046276, 19.743159, 252.142509, 1730.389956, 0
1561126873, 0.742279, 1.373446, 36.219826, 0.168506, 42.888898, 1592.622928, 1730.389956, 1
1561126882, 1.728547, 1.722367, 34.491028, 0.168506, 42.209632, 1703.586615, 1730.389956, 1
1561126890, 1.728547, 1.660089, 34.491028, 0.148867, 23.184693, 1567.071896, 1730.389956, 1
1561126898, 1.877710, 1.706221, 26.098916, 0.062700, 45.176835, 867.360870, 1730.389956, 1
1561126906, 1.077886, 2.122871, 35.186063, 0.061569, 42.397619, 1044.783090, 1730.389956, 1
1561126914, 2.094500, 1.548523, 23.931440, 0.087275, 23.792210, 895.633190, 1730.389956, 1
1561126922, 1.876042, 1.348681, 28.962004, 0.102989, 41.898350, 1053.433638, 1730.389956, 1
1561126931, 0.672903, 1.571202, 37.567120, 0.140398, 42.382840, 1470.795430, 1730.389956, 1
1561126931, 1.426534, 1.986665, 22.280530, 0.423919, 36.082655, 208.134326, 1730.389956, 0
1561126939, 1.728547, 1.337794, 34.491028, 0.168506, 41.741281, 1701.711978, 1730.389956, 1
1561126948, 1.354086, 1.589891, 35.147408, 0.168506, 42.467532, 1717.706308, 1730.389956, 1
1561126956, 1.728547, 1.337794, 34.491028, 0.168506, 41.741281, 1714.337277, 1730.389956, 1
1561126964, 1.907242, 1.348150, 19.411105, 0.085862, 36.394596, 737.487737, 1730.389956, 1
1561126989, 2.747161, 1.335382, 34.806796, 0.168506, 22.742982, 1773.080078, 1773.080078, 1
1561126997, 1.534230, 1.954728, 36.958138, 0.085028, 42.343463, 1244.466577, 1773.080078, 1
1561127005, 1.889420, 1.397249, 32.768215, 0.109078, 41.790223, 1249.646186, 1773.080078, 1
1561127013, 1.830083, 1.242408, 24.140039, 0.123404, 45.914390, 977.811016, 1773.080078, 1
1561127022, 1.354086, 1.589891, 35.147408, 0.168506, 42.467532, 1699.452365, 1773.080078, 1
1561127030, 1.144197, 1.212183, 36.008792, 0.168506, 43.117162, 1672.355862, 1773.080078, 1
1561127039, 1.456795, 1.626227, 35.528866, 0.113383, 43.771974, 1373.590236, 1773.080078, 1
1561127047, 0.900627, 1.732963, 34.671063, 0.131120, 42.280370, 1406.116353, 1773.080078, 1
1561127048, 2.167656, 1.347788, 34.802561, 0.421934, 16.316836, 208.388275, 1773.080078, 0
1561127056, 1.836252, 1.720557, 25.513298, 0.132286, 41.670735, 1059.969219, 1773.080078, 1
1561127064, 1.803610, 1.276962, 33.687163, 0.140776, 45.976230, 1471.334501, 1773.080078, 1
1561127073, 1.969415, 1.369507, 21.928837, 0.129638, 41.767386, 988.213980, 1773.080078, 1
1561127082, 2.747161, 1.335382, 34.806796, 0.168506, 22.742982, 1767.673635, 1773.080078, 1
1561127088, 2.747161, 1.335382, 34.806796, 0.168506, 22.742982, 1406.346573, 1773.080078, 0
1561127089, 1.239872, 1.149087, 31.147769, 1.017545, 22.667481, 223.549602, 1773.080078, 0
1561127097, 1.670979, 1.874959, 25.364987, 0.123291, 40.821615, 1015.313867, 1773.080078, 1
1561127098, 1.489512, 1.711660, 35.510558, 0.614609, 43.238779, 213.103797, 1773.080078, 0
1561127106, 2.714444, 1.397513, 32.776736, 0.167108, 21.074219, 1656.257643, 1773.080078, 1
1561127132, 2.747161, 1.335382, 34.806796, 0.168506, 22.742982, 1780.734168, 1780.734168, 1
1561127141, 2.747161, 1.335382, 34.806796, 0.168506, 22.742982, 1757.776195, 1780.734168, 1
1561127150, 2.333184, 1.276962, 33.687163, 0.140776, 46.404962, 1498.740856, 1780.734168, 1
1561127158, 1.803610, 1.276962, 34.357338, 0.180489, 47.064098, 1779.063777, 1780.734168, 1
1561127159, 2.761025, 1.289522, 29.344855, 1.048478, 17.797264, 222.613278, 1780.734168, 0
1561127166, 1.501670, 1.335382, 34.806796, 0.168506, 36.357631, 1695.318201, 1780.734168, 1
1561127167, 2.534823, 1.979951, 32.956276, 0.255549, 25.985003, 197.189392, 1780.734168, 0
1561127167, 2.550232, 1.219983, 33.507623, 0.145969, 41.065446, 9.451732, 1780.734168, 0
1561127174, 2.274378, 1.324407, 33.216605, 0.130236, 21.816386, 1419.530170, 1780.734168, 1
1561127174, 1.845266, 1.335205, 25.993013, 0.823759, 33.944923, 216.202717, 1780.734168, 0
1561127175, 1.693338, 1.276962, 36.014262, 0.240617, 47.057757, 198.861250, 1780.734168, 0
1561127182, 1.701807, 1.276962, 33.693611, 0.141159, 47.951302, 1467.389691, 1780.734168, 1
1561127183, 2.747161, 1.335382, 34.806796, 0.168506, 22.742982, 323.251723, 1780.734168, 0
1561127190, 1.224958, 1.333823, 37.415099, 0.120437, 34.292232, 1464.129429, 1780.734168, 1
1561127191, 2.495268, 1.735566, 30.841834, 0.911815, 26.709078, 221.565311, 1780.734168, 0
1561127191, 3.362079, 1.223693, 35.806659, 0.157649, 19.817946, 10.822456, 1780.734168, 0
1561127198, 1.339149, 1.242102, 34.213066, 0.170485, 35.046795, 1682.702454, 1780.734168, 1
1561127205, 2.747161, 1.335382, 34.806796, 0.168506, 22.742982, 1777.059734, 1780.734168, 1
1561127213, 1.351081, 1.311205, 34.620790, 0.173465, 32.808156, 1696.030661, 1780.734168, 1
1561127214, 2.695583, 1.190482, 23.749309, 0.292831, 36.998924, 197.940693, 1780.734168, 0
1561127214, 1.028030, 1.293448, 27.194791, 0.448034, 40.660900, 196.820531, 1780.734168, 0
1561127222, 1.519932, 1.986802, 34.174416, 0.124497, 40.098558, 1393.755691, 1780.734168, 1
1561127226, 1.794655, 1.280386, 24.412226, 0.256069, 29.969829, 1015.610771, 1780.734168, 0
1561127234, 2.177464, 1.334798, 23.739803, 0.150516, 29.665224, 1076.192530, 1780.734168, 1
1561127241, 1.660783, 1.276962, 26.046374, 0.141159, 41.418221, 1118.373584, 1780.734168, 1
1561127242, 2.917793, 1.953672, 31.104702, 0.214687, 28.239886, 324.514769, 1780.734168, 0
1561127249, 2.747161, 1.335382, 34.806796, 0.168506, 22.742982, 1765.467742, 1780.734168, 1
1561127274, 2.747161, 1.335382, 34.806796, 0.168506, 22.742982, 1781.913531, 1781.913531, 1
1561127275, 1.917996, 1.184575, 33.923828, 0.807452, 33.313702, 219.840752, 1781.913531, 0
1561127275, 2.530972, 1.313267, 34.576579, 0.125828, 27.956296, 8.334542, 1781.913531, 0
1561127277, 1.812343, 1.214170, 24.605248, 0.254443, 29.835630, 524.235440, 1781.913531, 0
1561127285, 2.747161, 1.335382, 34.806796, 0.168506, 22.742982, 1768.126999, 1781.913531, 1
1561127286, 3.173721, 1.335382, 36.747976, 0.458316, 22.742982, 208.629187, 1781.913531, 0
1561127286, 2.747161, 1.335382, 36.676047, 0.168506, 22.742982, 6.018396, 1781.913531, 0
1561127293, 3.107501, 1.289216, 30.875912, 0.156235, 31.122739, 1504.206614, 1781.913531, 1
1561127294, 2.673771, 1.303175, 26.241103, 0.766542, 33.038465, 214.009971, 1781.913531, 0
1561127294, 2.747161, 1.335382, 34.806796, 0.168506, 22.742982, 10.302563, 1781.913531, 0
1561127301, 2.230293, 1.575403, 21.365578, 0.101640, 19.482045, 857.756335, 1781.913531, 1
1561127308, 2.747161, 2.009677, 34.806796, 0.126110, 22.742982, 1456.028722, 1781.913531, 1
1561127316, 3.327133, 2.021172, 30.833914, 0.168506, 35.917725, 1618.817173, 1781.913531, 1
1561127324, 3.419318, 1.300535, 33.445877, 0.164785, 27.256017, 1697.144879, 1781.913531, 1
1561127333, 3.453069, 1.786253, 36.263514, 0.112688, 31.404690, 1439.649255, 1781.913531, 1
1561127341, 3.163411, 1.295241, 30.874172, 0.156743, 31.321333, 1500.164178, 1781.913531, 1
1561127349, 3.318037, 2.458334, 33.828266, 0.109428, 35.719131, 1312.395294, 1781.913531, 1
1561127357, 2.747161, 2.009677, 34.806796, 0.126110, 32.814315, 1459.144473, 1781.913531, 1
1561127364, 2.349510, 1.742244, 34.907813, 0.126110, 22.742982, 1450.611688, 1781.913531, 1
1561127364, 2.747161, 1.416039, 34.806796, 1.136792, 36.923928, 216.461781, 1781.913531, 0
1561127364, 2.747161, 1.335382, 34.806796, 0.168506, 22.742982, 6.204876, 1781.913531, 0
1561127372, 2.747161, 1.335382, 34.806796, 0.168506, 22.742982, 1761.829429, 1781.913531, 1
1561127372, 3.353229, 1.198442, 34.806796, 1.006403, 22.742982, 223.628422, 1781.913531, 0
1561127372, 3.539471, 1.753588, 31.648638, 0.110588, 27.901288, 12.940546, 1781.913531, 0
1561127379, 2.825193, 1.755137, 21.966944, 0.097679, 32.169044, 874.884183, 1781.913531, 1
1561127387, 2.747161, 1.335382, 34.806796, 0.168506, 22.742982, 1759.306194, 1781.913531, 1
1561127394, 2.747161, 1.335382, 34.806796, 0.168506, 22.742982, 1771.128260, 1781.913531, 1
1561127402, 2.663499, 1.858314, 34.857026, 0.147424, 22.742982, 1614.926904, 1781.913531, 1
1561127411, 2.547241, 1.380849, 34.737264, 0.147191, 22.742982, 1610.096648, 1781.913531, 1
1561127419, 3.315821, 1.534975, 35.596660, 0.078993, 33.045265, 1192.952705, 1781.913531, 1
1561127419, 3.657522, 2.208756, 32.670264, 1.004291, 37.380918, 223.518102, 1781.913531, 0
1561127419, 2.803240, 1.991928, 36.658268, 0.987806, 32.702330, 8.059018, 1781.913531, 0
1561127420, 3.708570, 1.894582, 22.135323, 1.101181, 34.827669, 222.445817, 1781.913531, 0
1561127420, 3.277634, 2.241849, 35.235721, 0.714473, 22.742982, 8.071032, 1781.913531, 0
1561127427, 2.690250, 1.691109, 37.504768, 0.154165, 22.742982, 1770.647000, 1781.913531, 1
1561127435, 2.834477, 1.893728, 34.804265, 0.147321, 21.427549, 1608.632091, 1781.913531, 1
1561127442, 2.747161, 1.335382, 34.806796, 0.168506, 22.742982, 1778.502842, 1781.913531, 1
1561127443, 2.674004, 1.792655, 34.850719, 0.509113, 27.212520, 209.460618, 1781.913531, 0
1561127443, 3.254921, 1.379193, 34.813103, 0.165859, 22.742982, 6.188124, 1781.913531, 0
1561127450, 3.480284, 1.315381, 37.830185, 0.070148, 33.710469, 1215.542750, 1781.913531, 1
1561127451, 2.864325, 1.187396, 34.969535, 1.040948, 22.718294, 223.958235, 1781.913531, 0
1561127451, 2.747161, 1.335382, 34.806796, 0.168506, 22.742982, 5.743793, 1781.913531, 0
1561127458, 3.547715, 1.645263, 34.187359, 0.088354, 32.606332, 1204.480154, 1781.913531, 1
1561127459, 1.854714, 1.836438, 22.158449, 0.521855, 27.197014, 207.613551, 1781.913531, 0
1561127459, 2.756120, 1.392672, 35.180034, 0.077775, 22.608009, 7.703056, 1781.913531, 0
1561127467, 1.778579, 1.554712, 32.287418, 0.147393, 21.441312, 1457.714661, 1781.913531, 1
1561127467, 2.691759, 2.090110, 38.725016, 0.302933, 22.729220, 205.606179, 1781.913531, 0
1561127467, 2.747161, 1.335382, 34.806796, 0.168506, 22.742982, 10.298986, 1781.913531, 0
1561127468, 3.497367, 1.647955, 34.382146, 0.531986, 32.027190, 210.418952, 1781.913531, 0
1561127475, 3.468777, 2.300185, 21.337898, 0.074163, 31.633767, 772.382355, 1781.913531, 1
1561127483, 2.968886, 1.365937, 24.021414, 0.160602, 15.336445, 1197.546164, 1781.913531, 1
1561127490, 2.747161, 1.335382, 34.806796, 0.168506, 22.742982, 1779.942551, 1781.913531, 1
1561127514, 2.690250, 1.691109, 37.504768, 0.154165, 22.742982, 1797.425557, 1797.425557, 1
1561127521, 3.089733, 1.501654, 29.648978, 0.157916, 18.427720, 1456.272992, 1797.425557, 1
1561127528, 2.690250, 1.691109, 37.504768, 0.154165, 22.742982, 1780.828322, 1797.425557, 1
1561127535, 2.710909, 1.579919, 36.490009, 0.132498, 20.210382, 1566.353532, 1797.425557, 1
1561127543, 2.873609, 1.477127, 28.631929, 0.158401, 25.485914, 1418.979601, 1797.425557, 1
1561127550, 3.113439, 1.616796, 34.662231, 0.150475, 13.808200, 1656.100715, 1797.425557, 1
1561127558, 2.690250, 1.691109, 37.504768, 0.154165, 22.742982, 1764.492104, 1797.425557, 1
1561127566, 1.156027, 1.586269, 33.494515, 0.092487, 21.742469, 1146.570706, 1797.425557, 1
1561127567, 2.479324, 1.666683, 22.766322, 1.067729, 14.745845, 222.457239, 1797.425557, 0
1561127576, 2.041330, 1.354516, 28.052934, 0.163556, 18.104970, 1387.510751, 1797.425557, 1
1561127584, 2.708531, 1.346803, 25.766832, 0.165551, 19.974457, 1305.986634, 1797.425557, 1
1561127592, 2.691407, 1.541658, 37.447907, 0.085917, 22.601070, 1288.035828, 1797.425557, 1
1561127600, 2.690250, 1.691109, 37.504768, 0.154165, 22.742982, 1765.756662, 1797.425557, 1
1561127607, 3.021402, 1.390906, 26.410199, 0.135214, 28.471490, 1167.689514, 1797.425557, 1
